{
  "main": {
    "id": "c37f94fa17101b28",
    "type": "split",
    "children": [
      {
        "id": "6febeead126dbd1e",
        "type": "tabs",
        "children": [
          {
            "id": "edd7c50d95e68de7",
            "type": "leaf",
            "state": {
              "type": "markdown",
              "state": {
                "file": "Characters/Curtis Nadir.md",
                "mode": "source",
                "source": false,
                "backlinks": false
              },
              "icon": "lucide-file",
              "title": "Curtis Nadir"
            }
          }
        ]
      }
    ],
    "direction": "vertical"
  },
  "left": {
    "id": "88350699165e8f54",
    "type": "split",
    "children": [
      {
        "id": "066ee1be54856363",
        "type": "tabs",
        "children": [
          {
            "id": "0b804ce0ebd2f5d7",
            "type": "leaf",
            "state": {
              "type": "file-explorer",
              "state": {
                "sortOrder": "alphabetical",
                "autoReveal": false
              },
              "icon": "lucide-folder-closed",
              "title": "Files"
            }
          },
          {
            "id": "10415f6051eac348",
            "type": "leaf",
            "state": {
              "type": "search",
              "state": {
                "query": "",
                "matchingCase": false,
                "explainSearch": false,
                "collapseAll": false,
                "extraContext": false,
                "sortOrder": "alphabetical"
              },
              "icon": "lucide-search",
              "title": "Search"
            }
          }
        ]
      }
    ],
    "direction": "horizontal",
    "width": 300
  },
  "right": {
    "id": "3dfd328a1352a551",
    "type": "split",
    "children": [
      {
        "id": "86401dccc88b93f0",
        "type": "tabs",
        "children": [
          {
            "id": "a241a71000343094",
            "type": "leaf",
            "state": {
              "type": "iron-vault-sidebar-view",
              "state": {},
              "icon": "iron-vault",
              "title": "Iron Vault"
            }
          },
          {
            "id": "ea9e801ce1167569",
            "type": "leaf",
            "state": {
              "type": "iron-vault-datasworn-content-view",
              "state": {
                "file": "Characters/Curtis Nadir.md"
              },
              "icon": "package-search",
              "title": "Iron Vault Homebrew Inspector"
            }
          },
          {
            "id": "fd50c2506cd8d004",
            "type": "leaf",
            "state": {
              "type": "git-view",
              "state": {},
              "icon": "git-pull-request",
              "title": "Source Control"
            }
          }
        ],
        "currentTab": 2
      }
    ],
    "direction": "horizontal",
    "width": 300
  },
  "left-ribbon": {
    "hiddenItems": {
      "switcher:Open quick switcher": false,
      "graph:Open graph view": false,
      "canvas:Create new canvas": false,
      "command-palette:Open command palette": false,
      "obsidian-git:Open Git source control": false,
      "iron-vault:Show Iron Vault commands": false
    }
  },
  "active": "fd50c2506cd8d004",
  "lastOpenFiles": [
    "Factions/Silver Syndicate.md",
    "Factions/Order of the Blessed Builders.md",
    "Factions/Ebon Suns.md",
    "Starforged.md",
    "Truths.md",
    "Characters/Curtis Nadir.md",
    "Lore",
    "Factions",
    "Locations",
    "Journals/Session 0.md",
    "Journals",
    "Progress",
    "Clocks",
    "Characters",
    "Welcome.md"
  ]
}